<?xml version="1.0" encoding="UTF-8"?>
<project-private xmlns="http://www.netbeans.org/ns/project-private/1">
    <editor-bookmarks xmlns="http://www.netbeans.org/ns/editor-bookmarks/2" lastBookmarkId="0"/>
    <open-files xmlns="http://www.netbeans.org/ns/projectui-open-files/2">
        <group>
            <file>file:/C:/Users/markw/OneDrive/Documents/Belleuve/csd_420_adv_java/markwitt_module_10/src/markwitt_module_10/getResults.java</file>
            <file>file:/C:/Users/markw/OneDrive/Documents/Belleuve/csd_420_adv_java/markwitt_module_10/src/markwitt_module_10/Markwitt_module_10.java</file>
        </group>
    </open-files>
</project-private>
